<?xml version="1.0" encoding="UTF-8"?>
<beans xmlns="http://www.springframework.org/schema/beans" 
	   xmlns:xsi="http://www.w3.org/2001/XMLSchema-instance" 
	   xmlns:tx="http://www.springframework.org/schema/tx" 
	   xmlns:aop="http://www.springframework.org/schema/aop" 
	   xmlns:mybatis-spring="http://mybatis.org/schema/mybatis-spring"
	   xsi:schemaLocation="http://www.springframework.org/schema/beans 
						   http://www.springframework.org/schema/beans/spring-beans-3.0.xsd 
						   http://www.springframework.org/schema/tx 
						   http://www.springframework.org/schema/tx/spring-tx-3.0.xsd
						   http://www.springframework.org/schema/aop 
						   http://www.springframework.org/schema/aop/spring-aop-3.0.xsd
						   http://mybatis.org/schema/mybatis-spring http://mybatis.org/schema/mybatis-spring-1.2.xsd">

    <!-- JNDI方式配置数据源 -->
    <!-- <bean id="dataSource" class="org.springframework.jndi.JndiObjectFactoryBean"> <property name="jndiName" value="${jndiName}"></property> </bean> -->
    <!-- ========================================配置数据源========================================= -->
    <!-- 配置数据源，使用的是alibaba的Druid(德鲁伊)数据源 -->
    <bean name="dataSource" class="com.alibaba.druid.pool.DruidDataSource" init-method="init" destroy-method="close">
        <property name="url" value="${jdbc.url}" />
        <property name="username" value="${jdbc.username}" />
        <property name="password" value="${jdbc.password}" />
        <!-- 初始化连接大小 -->
        <property name="initialSize" value="1" />
        <!-- 连接池最大使用连接数量 -->
        <property name="maxActive" value="20" />
        <!-- 连接池最大空闲 -->
        <property name="maxIdle" value="20" />
        <!-- 连接池最小空闲 -->
        <property name="minIdle" value="0" />
        <!-- 获取连接最大等待时间 -->
        <property name="maxWait" value="60000" />
        <!-- 
        <property name="poolPreparedStatements" value="true" /> 
        <property name="maxPoolPreparedStatementPerConnectionSize" value="33" /> 
        -->
        <property name="validationQuery" value="${jdbc.validationQuery}" />
        <property name="testOnBorrow" value="false" />
        <property name="testOnReturn" value="false" />
        <property name="testWhileIdle" value="true" />
        <!-- 配置间隔多久才进行一次检测，检测需要关闭的空闲连接，单位是毫秒 -->
        <property name="timeBetweenEvictionRunsMillis" value="60000" />
        <!-- 配置一个连接在池中最小生存的时间，单位是毫秒 -->
        <property name="minEvictableIdleTimeMillis" value="25200000" />
        <!-- 打开removeAbandoned功能 -->
        <property name="removeAbandoned" value="true" />
        <!-- 1800秒，也就是30分钟 -->
        <property name="removeAbandonedTimeout" value="1800" />
        <!-- 关闭abanded连接时输出错误日志 -->
        <property name="logAbandoned" value="true" />
        <!-- 监控数据库 -->
        <!-- <property name="filters" value="stat" /> -->
        <property name="filters" value="mergeStat" />
    </bean>
    
    <!-- ========================================分隔线========================================= -->
    
    <!-- ========================================针对myBatis的配置项============================== -->
    <!-- 配置sqlSessionFactory -->
    <bean id="sqlSessionFactory" class="org.mybatis.spring.SqlSessionFactoryBean">
        <!-- 实例化sqlSessionFactory时需要使用上述配置好的数据源以及SQL映射文件 -->
        <property name="dataSource" ref="dataSource" />
        <!-- 自动扫描me/gacl/mapping/目录下的所有SQL映射的xml文件, 省掉Configuration.xml里的手工配置
        value="classpath:me/gacl/mapping/*.xml"指的是classpath(类路径)下me.gacl.mapping包中的所有xml文件
        UserMapper.xml位于me.gacl.mapping包下，这样UserMapper.xml就可以被自动扫描
        <property name="mapperLocations" value="classpath:**/mapping/*.xml" />
        -->
    </bean>
    <!-- 配置扫描器 
    <bean class="org.mybatis.spring.mapper.MapperScannerConfigurer">
        <property name="basePackage" value="**.dao" />
        <property name="sqlSessionFactoryBeanName" value="sqlSessionFactory" />
    </bean>
    -->
    <mybatis-spring:scan base-package="**.dao"/>
    
    <!-- ========================================分隔线========================================= -->
    <!-- 配置Spring的事务管理器 -->
    <bean id="transactionManager" class="org.springframework.jdbc.datasource.DataSourceTransactionManager">
        <property name="dataSource" ref="dataSource" />
    </bean>

    <!-- 注解方式配置事物 -->
    <!-- <tx:annotation-driven transaction-manager="transactionManager" /> -->

    <!-- 拦截器方式配置事物 -->
    <tx:advice id="transactionAdvice" transaction-manager="transactionManager">
        <tx:attributes>
            <tx:method name="add*" propagation="REQUIRED" />
            <tx:method name="append*" propagation="REQUIRED" />
            <tx:method name="insert*" propagation="REQUIRED" />
            <tx:method name="save*" propagation="REQUIRED" />
            <tx:method name="update*" propagation="REQUIRED" />
            <tx:method name="modify*" propagation="REQUIRED" />
            <tx:method name="edit*" propagation="REQUIRED" />
            <tx:method name="delete*" propagation="REQUIRED" />
            <tx:method name="remove*" propagation="REQUIRED" />
            <tx:method name="repair" propagation="REQUIRED" />
            <tx:method name="delAndRepair" propagation="REQUIRED" />

            <tx:method name="get*" propagation="SUPPORTS" />
            <tx:method name="find*" propagation="SUPPORTS" />
            <tx:method name="load*" propagation="SUPPORTS" />
            <tx:method name="search*" propagation="SUPPORTS" />
            <tx:method name="datagrid*" propagation="SUPPORTS" />

            <tx:method name="*" propagation="SUPPORTS" />
        </tx:attributes>
    </tx:advice>
    <aop:config>
        <aop:pointcut id="transactionPointcut" expression="execution(* **.service..*Impl.*(..))" />
        <aop:advisor pointcut-ref="transactionPointcut" advice-ref="transactionAdvice" />
    </aop:config>

    <!-- 配置druid监控spring jdbc -->
    <!-- <bean id="druid-stat-interceptor" class="com.alibaba.druid.support.spring.stat.DruidStatInterceptor"></bean>
    <bean id="druid-stat-pointcut" class="org.springframework.aop.support.JdkRegexpMethodPointcut" scope="prototype">
        <property name="patterns">
            <list>
                <value>me.gacl.service.*</value>
            </list>
        </property>
    </bean>
    <aop:config>
        <aop:advisor advice-ref="druid-stat-interceptor" pointcut-ref="druid-stat-pointcut" />
    </aop:config> -->
    
    <!-- ========================================分隔线========================================= -->
    
    <!-- caterpillar auto builder -->
    
    <!-- 配置初始化自动构建建表 -->
    <bean class="pub.catapillar.orm.core.driver.EntityAutoBuildingDriver" init-method="buid">
    	<property name="autoBuild" value="${jdbc.autoBuild}" />
    	<property name="buildType" value="${jdbc.buildType}" />
    	<property name="showSql" value="${jdbc.showSql}" />
    	<property name="dialect" ref="mysqlDialect" />
    	<property name="entityLoader" ref="defaultEntityLoader"></property>
    	<property name="entityPath">
    		<list>
    			<value>classpath*:pub/**/po/*PO.class</value>
    			<value>classpath*:com/**/po/*PO.class</value>
    		</list>
    	</property>
    	<property name="metadataManager" ref="defaultMetadataManager"  />
    	<property name="entityParser" ref="defaultEntityParser" />
    </bean>
    
    <!-- 配置sql方言 -->
    <bean id="mysqlDialect" class="pub.catapillar.orm.core.driver.dialect.mysql.impl.MySQLDialect">
    	<property name="dataType" ref="mysqlDataType" />
    </bean>
    
    <!-- 配置sql数据类型 -->
    <bean id="mysqlDataType" class="pub.catapillar.orm.core.driver.dialect.mysql.impl.MySQLDataType" />
    
    <!-- 配置entity加载器 -->
    <bean id="defaultEntityLoader" class="pub.catapillar.orm.core.driver.loader.impl.DefaultEntityLoader" />
    
    <!-- 配置entity元数据管理器 -->
    <bean id="defaultMetadataManager" class="pub.catapillar.orm.core.entity.metadata.impl.DefaultEntityMetadataManager" />
    
    <!-- 配置entity解析器 -->
    <bean id="defaultEntityParser" class="pub.catapillar.orm.core.entity.parser.impl.DefaultEntityParser" />
    
</beans>
